{
    "__createdwith": "opl's Model Creator",
    "ambientocclusion": false,
    "textures": {
        "particle": "blocks/iron_bars",
        "bars": "blocks/iron_bars",
        "bars_h": "blocks/iron_bars_hor"
    },
    "elements": [
        {
            "from": [7,0,5],
            "to": [9,16,7],
            "faces": {
                "up": {
                    "uv": [7,7,9,9],
                    "texture": "#bars_h"
                },
                "down": {
                    "uv": [7,7,9,9],
                    "texture": "#bars_h"
                },
                "west": {
                    "uv": [7,0,9,16],
                    "texture": "#bars"
                },
                "east": {
                    "uv": [7,0,9,16],
                    "texture": "#bars"
                },
                "north": {
                    "texture": "#bars"
                },
                "south": {
                    "texture": "#bars"
                }
            }
        },
        {
            "from": [7,11,0],
            "to": [9,14,9],
            "faces": {
                "up": {
                    "uv": [0,7,9,9],
                    "texture": "#bars_h",
                    "rotation": 270
                },
                "down": {
                    "uv": [0,7,8,9],
                    "texture": "#bars_h",
                    "rotation": 90
                },
                "west": {
                    "uv": [2,2,11,5],
                    "texture": "#bars"
                },
                "east": {
                    "uv": [5,2,14,5],
                    "texture": "#bars"
                },
                "south": {
                    "texture": "#bars"
                }
            }
        },
        {
            "from": [7,2,0],
            "to": [9,3,9],
            "faces": {
                "up": {
                    "uv": [0,7,9,9],
                    "texture": "#bars_h",
                    "rotation": 270
                },
                "down": {
                    "uv": [0,7,8,9],
                    "texture": "#bars_h",
                    "rotation": 90
                },
                "west": {
                    "uv": [2,13,11,14],
                    "texture": "#bars"
                },
                "east": {
                    "uv": [5,13,14,14],
                    "texture": "#bars"
                },
                "south": {
                    "texture": "#bars"
                }
            }
        },
        {
            "from": [7,0,0],
            "to": [9,16,2],
            "faces": {
                "up": {
                    "uv": [7,7,9,8],
                    "texture": "#bars_h"
                },
                "down": {
                    "uv": [7,7,9,8],
                    "texture": "#bars_h"
                },
                "west": {
                    "uv": [2,0,4,16],
                    "texture": "#bars"
                },
                "east": {
                    "uv": [12,0,14,16],
                    "texture": "#bars"
                },
                "north": {
                    "texture": "#bars"
                },
                "south": {
                    "texture": "#bars"
                }
            }
        }
    ]
}