{
	"__createdwith": "opl's Model Maker",
	"textures": {
		"crafting_table_side": "blocks/crafting_table_front",
		"crafting_table_top": "blocks/crafting_table_top",
		"crafting_table_bottom": "blocks/crafting_table_bottom",
		"crafting_table_inside": "blocks/crafting_table_inside",
		"particle": "blocks/crafting_table_front"
	},
	"elements": [
		{	"from": [0.5, 0, 0.5],
			"to": [15.5, 16, 15.5],
			"faces": {
				"up": {"uv": [0.5, 0.5, 15.5, 15.5],"texture": "#crafting_table_top"},
				"down": {"texture": "#crafting_table_bottom"},
				"west": {"texture": "#crafting_table_side"},
				"east": {"texture": "#crafting_table_side"},
				"north": {"texture": "#crafting_table_side"},
				"south": {"texture": "#crafting_table_side"}
			}
		}, 
		{
			"from": [13, 0, 13],
			"to": [16, 14, 16],
			"faces": {
				"up": {"texture": "#crafting_table_top"},
				"down": {"texture": "#crafting_table_bottom"},
				"west": {"texture": "#crafting_table_side"},
				"east": {"texture": "#crafting_table_side"},
				"north": {"texture": "#crafting_table_side"},
				"south": {"texture": "#crafting_table_side"}
			}
		}, 
		{
			"from": [0, 0, 0],
			"to": [3, 14, 3],
			"faces": {
				"down": {"texture": "#crafting_table_bottom"},
				"west": {"texture": "#crafting_table_side"},
				"east": {"texture": "#crafting_table_side"},
				"north": {"texture": "#crafting_table_side"},
				"south": {"texture": "#crafting_table_side"}
			}
		}, 
		{
			"from": [13, 0, 0],
			"to": [16, 14, 3],
			"faces": {
				"down": {"texture": "#crafting_table_bottom"},
				"west": {"texture": "#crafting_table_side"},
				"east": {"texture": "#crafting_table_side"},
				"north": {"texture": "#crafting_table_side"},
				"south": {"texture": "#crafting_table_side"}
			}
		}, 
		{
			"from": [0, 0, 13],
			"to": [3, 14, 16],
			"faces": {
				"down": {"texture": "#crafting_table_bottom"},
				"west": {"texture": "#crafting_table_side"},
				"east": {"texture": "#crafting_table_side"},
				"north": {"texture": "#crafting_table_side"},
				"south": {"texture": "#crafting_table_side"}
			}
		}, 
		{
			"from": [0, 14, 0],
			"to": [16, 16, 16],
			"faces": {
				"up": {"texture": "#crafting_table_top"},
				"down": {"texture": "#crafting_table_inside"},
				"west": {"texture": "#crafting_table_side"},
				"east": {"texture": "#crafting_table_side"},
				"north": {"texture": "#crafting_table_side"},
				"south": {"texture": "#crafting_table_side"}
			}
		}, 
		{
			"from": [0, 0, 0],
			"to": [16, 1, 16],
			"faces": {
				"up": {"texture": "#crafting_table_inside"},
				"down": {"texture": "#crafting_table_bottom"},
				"west": {"texture": "#crafting_table_side"},
				"east": {"texture": "#crafting_table_side"},
				"north": {"texture": "#crafting_table_side"},
				"south": {"texture": "#crafting_table_side"}
			}
		}
	]
}