{
    "__createdwith": "opl's Model Creator",
    "ambientocclusion": false,
    "textures": {
        "particle": "#top",
        "side": "blocks/door_birch_side",
        "all": "blocks/door_birch_upper"
    },
    "elements": [
        {
            "from": [0,0,0],
            "to": [3,16,2],
            "faces": {
                "up": {
                    "texture": "#side",
                    "cullface": up
                },
                "west": {
                    "texture": "#all",
                    "cullface": west
                },
                "east": {
                    "uv": [2,0,0,16],
                    "texture": "#all"
                },
                "north": {
                    "uv": [3,0,0,16],
                    "texture": "#side"
                },
                "south": {
                    "texture": "#side"
                }
            }
        },
        {
            "from": [0,0,14],
            "to": [3,16,16],
            "faces": {
                "up": {
                    "uv": [8,14,11,16],
                    "texture": "#side",
                    "cullface": up
                },
                "west": {
                    "texture": "#all",
                    "cullface": west
                },
                "east": {
                    "uv": [16,0,14,16],
                    "texture": "#all"
                },
                "north": {
                    "uv": [3,0,0,16],
                    "texture": "#side"
                },
                "south": {
                    "texture": "#side"
                }
            }
        },
        {
            "from": [0,14,2],
            "to": [3,16,14],
            "faces": {
                "up": {
                    "texture": "#side",
                    "cullface": up
                },
                "down": {
                    "texture": "#side"
                },
                "west": {
                    "texture": "#all",
                    "cullface": west
                },
                "east": {
                    "uv": [14,0,2,2],
                    "texture": "#all"
                },
                "north": {
                    "uv": [3.0,0.0,0.0,16.0],
                    "texture": "missingtexture",
                    "cullface": north
                },
                "south": {
                    "texture": "missingtexture",
                    "cullface": south
                }
            }
        },
        {
            "from": [1,0,2],
            "to": [2,14,14],
            "faces": {
                "west": {
                    "texture": "#all"
                },
                "east": {
                    "texture": "#all"
                }
            }
        }
    ]
}