{
    "__comment": "Fair warning, this format is highly likely to change even more in the future!",
    "ambientocclusion": false,
    "elements": [
        {   "from": [ 0, 1, 0.01 ],
            "to": [ 16, 23.4, 0.01 ],
            "faces": { "south": { "uv": [ 16, 0, 0, 16 ], "texture": "#fire" }}
        },
        {   "from": [ 0, 1, 0.01 ],
            "to": [ 16, 23.4, 0.01 ],
            "faces": { "north": { "uv": [ 16, 0, 0, 16 ], "texture": "#fire" }}
        },
        {   "from": [ 0, 1, 15.99 ],
            "to": [ 16, 23.4, 15.99 ],
            "faces": { "south": { "uv": [ 16, 0, 0, 16 ], "texture": "#fire" }}
        },
        {   "from": [ 0, 1, 15.99 ],
            "to": [ 16, 23.4, 15.99 ],
            "faces": { "north": { "uv": [ 16, 0, 0, 16 ], "texture": "#fire" }}
        },
        {   "from": [ 15.99, 1, 0 ],
            "to": [ 15.99, 23.4, 16 ],
            "faces": { "east": { "uv": [ 16, 0, 0, 16 ], "texture": "#fire" }}
        },
        {   "from": [ 15.99, 1, 0 ],
            "to": [ 15.99, 23.4, 16 ],
            "faces": { "west": { "uv": [ 16, 0, 0, 16 ], "texture": "#fire" }}
        },
        {   "from": [ 0, 16, 0 ],
            "to": [ 16, 16, 16 ],
            "rotation": { "origin": [ 16, 16, 8 ], "axis": "z", "angle": 22.5, "rescale": true },
            "faces": { "down": { "uv": [ 0, 0, 16, 16 ], "texture": "#fire", "rotation": 270 }}
        },
        {   "from": [ 0, 16, 0 ],
            "to": [ 16, 16, 16 ],
            "rotation": { "origin": [ 0, 16, 8 ], "axis": "z", "angle": -22.5, "rescale": true },
            "faces": { "down": { "uv": [ 0, 0, 16, 16 ], "texture": "#fire", "rotation": 90 }}
        }
    ]
}
