{
    "__comment": "Fair warning, this format is highly likely to change even more in the future!",
    "ambientocclusion": false,
    "elements": [
        {   "from": [ 0, 16, 0 ],
            "to": [ 16, 16, 16 ],
			"shade": false,
            "rotation": { "origin": [ 16, 16, 8 ], "axis": "z", "angle": 22.5, "rescale": true },
            "faces": { "down": { "uv": [ 0, 0, 16, 16 ], "texture": "#fire", "rotation": 270 }}
        },
        {   "from": [ 0, 16, 0 ],
            "to": [ 16, 16, 16 ],
			"shade": false,
            "rotation": { "origin": [ 0, 16, 8 ], "axis": "z", "angle": -22.5, "rescale": true },
            "faces": { "down": { "uv": [ 0, 0, 16, 16 ], "texture": "#fire", "rotation": 90 }}
        }
    ]
}
